{
    "あわら市": {
        "month": [
            "2022-01",
            "2022-02",
            "2022-03",
            "2022-04",
            "2022-05",
            "2022-06",
            "2022-07",
            "2022-08",
            "2022-09",
            "2022-10",
            "2022-11",
            "2022-12",
            "2023-01",
            "2023-02",
            "2023-03",
            "2023-04",
            "2023-05",
            "2023-06",
            "2023-07",
            "2023-08",
            "2023-09",
            "2023-10",
            "2023-11",
            "2023-12",
            "2024-01",
            "2024-02",
            "2024-03",
            "2024-04",
            "2024-05",
            "2024-06",
            "2024-07",
            "2024-08",
            "2024-09",
            "2024-10",
            "2024-11",
            "2024-12"
        ],
        "count": [
            6901,
            6994,
            19638,
            23696,
            39192,
            23868,
            22213,
            27949,
            28902,
            38214,
            31330,
            16042,
            10206,
            12749,
            26039,
            30603,
            47845,
            31560,
            30008,
            36318,
            68014,
            47968,
            31730,
            20542,
            11613,
            17876,
            26788,
            41658,
            39796,
            30719,
            26339,
            40073,
            35162,
            40926,
            39112,
            22518
        ],
        "anomaly": [
            -1,
            -1,
            1,
            1,
            1,
            1,
            1,
            1,
            1,
            1,
            1,
            1,
            -1,
            1,
            1,
            1,
            1,
            1,
            1,
            1,
            -1,
            1,
            1,
            1,
            1,
            1,
            1,
            1,
            1,
            1,
            1,
            1,
            1,
            1,
            1,
            1
        ]
    },
    "おおい町": {
        "month": [
            "2022-01",
            "2022-02",
            "2022-03",
            "2022-04",
            "2022-05",
            "2022-06",
            "2022-07",
            "2022-08",
            "2022-09",
            "2022-10",
            "2022-11",
            "2022-12",
            "2023-01",
            "2023-02",
            "2023-03",
            "2023-04",
            "2023-05",
            "2023-06",
            "2023-07",
            "2023-08",
            "2023-09",
            "2023-10",
            "2023-11",
            "2023-12",
            "2024-01",
            "2024-02",
            "2024-03",
            "2024-04",
            "2024-05",
            "2024-06",
            "2024-07",
            "2024-08",
            "2024-09",
            "2024-10",
            "2024-11",
            "2024-12"
        ],
        "count": [
            10312,
            11310,
            20689,
            31997,
            48414,
            27314,
            33573,
            37947,
            33758,
            36990,
            30421,
            14756,
            9167,
            12608,
            23908,
            32819,
            45916,
            25843,
            39981,
            42259,
            35168,
            30002,
            30097,
            15034,
            11505,
            15139,
            20292,
            29007,
            36864,
            24371,
            29901,
            47961,
            37553,
            31760,
            30077,
            16720
        ],
        "anomaly": [
            1,
            1,
            1,
            1,
            -1,
            1,
            1,
            1,
            1,
            1,
            1,
            1,
            -1,
            1,
            1,
            1,
            -1,
            1,
            1,
            1,
            1,
            1,
            1,
            1,
            1,
            1,
            1,
            1,
            1,
            1,
            1,
            -1,
            1,
            1,
            1,
            1
        ]
    },
    "勝山市": {
        "month": [
            "2022-01",
            "2022-02",
            "2022-03",
            "2022-04",
            "2022-05",
            "2022-06",
            "2022-07",
            "2022-08",
            "2022-09",
            "2022-10",
            "2022-11",
            "2022-12",
            "2023-01",
            "2023-02",
            "2023-03",
            "2023-04",
            "2023-05",
            "2023-06",
            "2023-07",
            "2023-08",
            "2023-09",
            "2023-10",
            "2023-11",
            "2023-12",
            "2024-01",
            "2024-02",
            "2024-03",
            "2024-04",
            "2024-05",
            "2024-06",
            "2024-07",
            "2024-08",
            "2024-09",
            "2024-10",
            "2024-11",
            "2024-12"
        ],
        "count": [
            84656,
            75391,
            97215,
            64625,
            101548,
            55039,
            79866,
            126394,
            71772,
            92557,
            92923,
            40667,
            79853,
            82379,
            54247,
            23874,
            50185,
            27126,
            99746,
            193309,
            99972,
            111485,
            120143,
            67364,
            85524,
            102098,
            123276,
            126759,
            130469,
            107869,
            134944,
            220699,
            147497,
            155731,
            158861,
            89164
        ],
        "anomaly": [
            1,
            1,
            1,
            1,
            1,
            1,
            1,
            1,
            1,
            1,
            1,
            1,
            1,
            1,
            1,
            -1,
            1,
            -1,
            1,
            -1,
            1,
            1,
            1,
            1,
            1,
            1,
            1,
            1,
            1,
            1,
            1,
            -1,
            1,
            1,
            1,
            1
        ]
    },
    "南越前町": {
        "month": [
            "2022-01",
            "2022-02",
            "2022-03",
            "2022-04",
            "2022-05",
            "2022-06",
            "2022-07",
            "2022-08",
            "2022-09",
            "2022-10",
            "2022-11",
            "2022-12",
            "2023-01",
            "2023-02",
            "2023-03",
            "2023-04",
            "2023-05",
            "2023-06",
            "2023-07",
            "2023-08",
            "2023-09",
            "2023-10",
            "2023-11",
            "2023-12",
            "2024-01",
            "2024-02",
            "2024-03",
            "2024-04",
            "2024-05",
            "2024-06",
            "2024-07",
            "2024-08",
            "2024-09",
            "2024-10",
            "2024-11",
            "2024-12"
        ],
        "count": [
            7734,
            8340,
            11304,
            15558,
            27882,
            17540,
            27627,
            22207,
            17330,
            17073,
            16167,
            10758,
            8632,
            8375,
            15084,
            14492,
            22912,
            15753,
            20522,
            20723,
            15970,
            15577,
            17040,
            13439,
            10050,
            13899,
            12045,
            15211,
            22967,
            13540,
            18858,
            17075,
            18248,
            23061,
            13298,
            10620
        ],
        "anomaly": [
            -1,
            1,
            1,
            1,
            -1,
            1,
            -1,
            1,
            1,
            1,
            1,
            1,
            -1,
            1,
            1,
            1,
            1,
            1,
            1,
            1,
            1,
            1,
            1,
            1,
            1,
            1,
            1,
            1,
            1,
            1,
            1,
            1,
            1,
            1,
            1,
            1
        ]
    },
    "坂井市": {
        "month": [
            "2022-01",
            "2022-02",
            "2022-03",
            "2022-04",
            "2022-05",
            "2022-06",
            "2022-07",
            "2022-08",
            "2022-09",
            "2022-10",
            "2022-11",
            "2022-12",
            "2023-01",
            "2023-02",
            "2023-03",
            "2023-04",
            "2023-05",
            "2023-06",
            "2023-07",
            "2023-08",
            "2023-09",
            "2023-10",
            "2023-11",
            "2023-12",
            "2024-01",
            "2024-02",
            "2024-03",
            "2024-04",
            "2024-05",
            "2024-06",
            "2024-07",
            "2024-08",
            "2024-09",
            "2024-10",
            "2024-11",
            "2024-12"
        ],
        "count": [
            54212,
            31781,
            75037,
            116916,
            170589,
            98761,
            127517,
            201329,
            110672,
            140218,
            131748,
            72421,
            60135,
            60878,
            103694,
            108059,
            171026,
            106902,
            135741,
            242945,
            114893,
            124157,
            120702,
            66134,
            53993,
            57471,
            89310,
            138191,
            138384,
            120643,
            148306,
            276555,
            135188,
            131335,
            134059,
            68248
        ],
        "anomaly": [
            1,
            -1,
            1,
            1,
            1,
            1,
            1,
            -1,
            1,
            1,
            1,
            1,
            1,
            1,
            1,
            1,
            1,
            1,
            1,
            -1,
            1,
            1,
            1,
            1,
            1,
            1,
            1,
            1,
            1,
            1,
            1,
            -1,
            1,
            1,
            1,
            1
        ]
    },
    "大野市": {
        "month": [
            "2022-01",
            "2022-02",
            "2022-03",
            "2022-04",
            "2022-05",
            "2022-06",
            "2022-07",
            "2022-08",
            "2022-09",
            "2022-10",
            "2022-11",
            "2022-12",
            "2023-01",
            "2023-02",
            "2023-03",
            "2023-04",
            "2023-05",
            "2023-06",
            "2023-07",
            "2023-08",
            "2023-09",
            "2023-10",
            "2023-11",
            "2023-12",
            "2024-01",
            "2024-02",
            "2024-03",
            "2024-04",
            "2024-05",
            "2024-06",
            "2024-07",
            "2024-08",
            "2024-09",
            "2024-10",
            "2024-11",
            "2024-12"
        ],
        "count": [
            19957,
            19055,
            19402,
            24609,
            38518,
            23784,
            24980,
            38495,
            23848,
            39440,
            33501,
            13387,
            19730,
            24856,
            20152,
            23445,
            39164,
            24037,
            31242,
            44258,
            33565,
            41626,
            42782,
            15124,
            22427,
            26322,
            19837,
            33178,
            39717,
            28292,
            28251,
            40351,
            26235,
            32230,
            34533,
            16003
        ],
        "anomaly": [
            1,
            1,
            1,
            1,
            1,
            1,
            1,
            1,
            1,
            1,
            1,
            -1,
            1,
            1,
            1,
            1,
            1,
            1,
            1,
            -1,
            1,
            1,
            1,
            -1,
            1,
            1,
            1,
            1,
            1,
            1,
            1,
            1,
            1,
            1,
            1,
            -1
        ]
    },
    "小浜市": {
        "month": [
            "2022-01",
            "2022-02",
            "2022-03",
            "2022-04",
            "2022-05",
            "2022-06",
            "2022-07",
            "2022-08",
            "2022-09",
            "2022-10",
            "2022-11",
            "2022-12",
            "2023-01",
            "2023-02",
            "2023-03",
            "2023-04",
            "2023-05",
            "2023-06",
            "2023-07",
            "2023-08",
            "2023-09",
            "2023-10",
            "2023-11",
            "2023-12",
            "2024-01",
            "2024-02",
            "2024-03",
            "2024-04",
            "2024-05",
            "2024-06",
            "2024-07",
            "2024-08",
            "2024-09",
            "2024-10",
            "2024-11",
            "2024-12"
        ],
        "count": [
            18618,
            15284,
            29696,
            34902,
            60744,
            39234,
            41489,
            48404,
            40749,
            46308,
            38020,
            21578,
            13579,
            15382,
            17560,
            32449,
            56572,
            32158,
            39024,
            46671,
            41555,
            39227,
            37923,
            19585,
            16887,
            18641,
            26094,
            34158,
            45178,
            28602,
            35924,
            57331,
            41419,
            42590,
            34265,
            22264
        ],
        "anomaly": [
            1,
            1,
            1,
            1,
            -1,
            1,
            1,
            1,
            1,
            1,
            1,
            1,
            -1,
            1,
            1,
            1,
            -1,
            1,
            1,
            1,
            1,
            1,
            1,
            1,
            1,
            1,
            1,
            1,
            1,
            1,
            1,
            -1,
            1,
            1,
            1,
            1
        ]
    },
    "敦賀市": {
        "month": [
            "2022-01",
            "2022-02",
            "2022-03",
            "2022-04",
            "2022-05",
            "2022-06",
            "2022-07",
            "2022-08",
            "2022-09",
            "2022-10",
            "2022-11",
            "2022-12",
            "2023-01",
            "2023-02",
            "2023-03",
            "2023-04",
            "2023-05",
            "2023-06",
            "2023-07",
            "2023-08",
            "2023-09",
            "2023-10",
            "2023-11",
            "2023-12",
            "2024-01",
            "2024-02",
            "2024-03",
            "2024-04",
            "2024-05",
            "2024-06",
            "2024-07",
            "2024-08",
            "2024-09",
            "2024-10",
            "2024-11",
            "2024-12"
        ],
        "count": [
            30974,
            14678,
            30169,
            44700,
            59030,
            38159,
            47206,
            49321,
            44646,
            50732,
            63035,
            54789,
            30635,
            30249,
            46749,
            42526,
            66089,
            41181,
            62033,
            61363,
            55975,
            50029,
            55209,
            52504,
            39693,
            37947,
            69979,
            70604,
            74612,
            60388,
            59491,
            101215,
            75985,
            65739,
            78137,
            48556
        ],
        "anomaly": [
            -1,
            -1,
            1,
            1,
            1,
            1,
            1,
            1,
            1,
            1,
            1,
            1,
            1,
            1,
            1,
            1,
            1,
            1,
            1,
            1,
            1,
            1,
            1,
            1,
            1,
            1,
            1,
            1,
            1,
            1,
            1,
            -1,
            1,
            1,
            -1,
            1
        ]
    },
    "永平寺町": {
        "month": [
            "2022-01",
            "2022-02",
            "2022-03",
            "2022-04",
            "2022-05",
            "2022-06",
            "2022-07",
            "2022-08",
            "2022-09",
            "2022-10",
            "2022-11",
            "2022-12",
            "2023-01",
            "2023-02",
            "2023-03",
            "2023-04",
            "2023-05",
            "2023-06",
            "2023-07",
            "2023-08",
            "2023-09",
            "2023-10",
            "2023-11",
            "2023-12",
            "2024-01",
            "2024-02",
            "2024-03",
            "2024-04",
            "2024-05",
            "2024-06",
            "2024-07",
            "2024-08",
            "2024-09",
            "2024-10",
            "2024-11",
            "2024-12"
        ],
        "count": [
            15825,
            12196,
            24532,
            39947,
            65453,
            34876,
            37862,
            43167,
            42316,
            66151,
            80124,
            32298,
            17971,
            23666,
            42040,
            46068,
            72832,
            44618,
            41547,
            53334,
            51441,
            70159,
            78417,
            31543,
            17710,
            21618,
            46575,
            77487,
            76144,
            57165,
            54305,
            76032,
            77458,
            93693,
            112067,
            40981
        ],
        "anomaly": [
            -1,
            -1,
            1,
            1,
            1,
            1,
            1,
            1,
            1,
            1,
            1,
            1,
            1,
            1,
            1,
            1,
            1,
            1,
            1,
            1,
            1,
            1,
            1,
            1,
            1,
            1,
            1,
            1,
            1,
            1,
            1,
            1,
            1,
            -1,
            -1,
            1
        ]
    },
    "池田町": {
        "month": [
            "2022-01",
            "2022-02",
            "2022-03",
            "2022-04",
            "2022-05",
            "2022-06",
            "2022-07",
            "2022-08",
            "2022-09",
            "2022-10",
            "2022-11",
            "2022-12",
            "2023-01",
            "2023-02",
            "2023-03",
            "2023-04",
            "2023-05",
            "2023-06",
            "2023-07",
            "2023-08",
            "2023-09",
            "2023-10",
            "2023-11",
            "2023-12",
            "2024-01",
            "2024-02",
            "2024-03",
            "2024-04",
            "2024-05",
            "2024-06",
            "2024-07",
            "2024-08",
            "2024-09",
            "2024-10",
            "2024-11",
            "2024-12"
        ],
        "count": [
            2861,
            2145,
            1593,
            4556,
            8723,
            3320,
            4781,
            5065,
            2153,
            4071,
            4837,
            791,
            1420,
            1453,
            1386,
            2155,
            6969,
            3591,
            3811,
            6987,
            3136,
            2449,
            4592,
            1211,
            1100,
            634,
            1811,
            7326,
            10019,
            7697,
            4469,
            10650,
            4297,
            4141,
            6460,
            739
        ],
        "anomaly": [
            1,
            1,
            1,
            1,
            -1,
            1,
            1,
            1,
            1,
            1,
            1,
            1,
            1,
            1,
            1,
            1,
            1,
            1,
            1,
            1,
            1,
            1,
            1,
            1,
            1,
            -1,
            1,
            1,
            -1,
            1,
            1,
            -1,
            1,
            1,
            1,
            1
        ]
    },
    "福井市": {
        "month": [
            "2022-01",
            "2022-02",
            "2022-03",
            "2022-04",
            "2022-05",
            "2022-06",
            "2022-07",
            "2022-08",
            "2022-09",
            "2022-10",
            "2022-11",
            "2022-12",
            "2023-01",
            "2023-02",
            "2023-03",
            "2023-04",
            "2023-05",
            "2023-06",
            "2023-07",
            "2023-08",
            "2023-09",
            "2023-10",
            "2023-11",
            "2023-12",
            "2024-01",
            "2024-02",
            "2024-03",
            "2024-04",
            "2024-05",
            "2024-06",
            "2024-07",
            "2024-08",
            "2024-09",
            "2024-10",
            "2024-11",
            "2024-12"
        ],
        "count": [
            45854,
            27543,
            55354,
            83142,
            109860,
            72849,
            76725,
            78207,
            77208,
            117180,
            114475,
            61465,
            59776,
            50388,
            87610,
            84529,
            111079,
            95516,
            96135,
            109267,
            103977,
            112120,
            126077,
            63654,
            63805,
            61007,
            129264,
            133036,
            133995,
            95966,
            102876,
            164050,
            117938,
            131534,
            143085,
            74716
        ],
        "anomaly": [
            -1,
            -1,
            1,
            1,
            1,
            1,
            1,
            1,
            1,
            1,
            1,
            1,
            1,
            1,
            1,
            1,
            1,
            1,
            1,
            1,
            1,
            1,
            1,
            1,
            1,
            1,
            1,
            1,
            1,
            1,
            1,
            -1,
            1,
            1,
            -1,
            1
        ]
    },
    "美浜町": {
        "month": [
            "2022-01",
            "2022-02",
            "2022-03",
            "2022-04",
            "2022-05",
            "2022-06",
            "2022-07",
            "2022-08",
            "2022-09",
            "2022-10",
            "2022-11",
            "2022-12",
            "2023-01",
            "2023-02",
            "2023-03",
            "2023-04",
            "2023-05",
            "2023-06",
            "2023-07",
            "2023-08",
            "2023-09",
            "2023-10",
            "2023-11",
            "2023-12",
            "2024-01",
            "2024-02",
            "2024-03",
            "2024-04",
            "2024-05",
            "2024-06",
            "2024-07",
            "2024-08",
            "2024-09",
            "2024-10",
            "2024-11",
            "2024-12"
        ],
        "count": [
            3818,
            360,
            5209,
            8703,
            11111,
            7940,
            12187,
            13757,
            9339,
            13767,
            12528,
            6503,
            3391,
            1330,
            6135,
            7176,
            10818,
            8942,
            17487,
            16808,
            8619,
            10022,
            11618,
            6847,
            3542,
            2166,
            7647,
            10542,
            12610,
            10389,
            16804,
            25415,
            10228,
            12154,
            13738,
            8301
        ],
        "anomaly": [
            1,
            -1,
            1,
            1,
            1,
            1,
            1,
            1,
            1,
            1,
            1,
            1,
            1,
            -1,
            1,
            1,
            1,
            1,
            -1,
            1,
            1,
            1,
            1,
            1,
            1,
            1,
            1,
            1,
            1,
            1,
            1,
            -1,
            1,
            1,
            1,
            1
        ]
    },
    "若狭町": {
        "month": [
            "2022-01",
            "2022-02",
            "2022-03",
            "2022-04",
            "2022-05",
            "2022-06",
            "2022-07",
            "2022-08",
            "2022-09",
            "2022-10",
            "2022-11",
            "2022-12",
            "2023-01",
            "2023-02",
            "2023-03",
            "2023-04",
            "2023-05",
            "2023-06",
            "2023-07",
            "2023-08",
            "2023-09",
            "2023-10",
            "2023-11",
            "2023-12",
            "2024-01",
            "2024-02",
            "2024-03",
            "2024-04",
            "2024-05",
            "2024-06",
            "2024-07",
            "2024-08",
            "2024-09",
            "2024-10",
            "2024-11",
            "2024-12"
        ],
        "count": [
            12497,
            9839,
            32349,
            39970,
            72852,
            44912,
            44972,
            56681,
            44389,
            66760,
            59962,
            34756,
            12970,
            17338,
            39122,
            36507,
            73733,
            53289,
            67138,
            61124,
            53863,
            52836,
            52270,
            20852,
            13622,
            19910,
            34626,
            45369,
            69121,
            51239,
            36127,
            47895,
            44033,
            54782,
            64619,
            23276
        ],
        "anomaly": [
            1,
            -1,
            1,
            1,
            -1,
            1,
            1,
            1,
            1,
            1,
            1,
            1,
            1,
            -1,
            1,
            1,
            -1,
            1,
            1,
            1,
            1,
            1,
            1,
            1,
            1,
            1,
            1,
            1,
            1,
            1,
            1,
            1,
            1,
            1,
            1,
            1
        ]
    },
    "越前市": {
        "month": [
            "2022-01",
            "2022-02",
            "2022-03",
            "2022-04",
            "2022-05",
            "2022-06",
            "2022-07",
            "2022-08",
            "2022-09",
            "2022-10",
            "2022-11",
            "2022-12",
            "2023-01",
            "2023-02",
            "2023-03",
            "2023-04",
            "2023-05",
            "2023-06",
            "2023-07",
            "2023-08",
            "2023-09",
            "2023-10",
            "2023-11",
            "2023-12",
            "2024-01",
            "2024-02",
            "2024-03",
            "2024-04",
            "2024-05",
            "2024-06",
            "2024-07",
            "2024-08",
            "2024-09",
            "2024-10",
            "2024-11",
            "2024-12"
        ],
        "count": [
            9551,
            20488,
            15985,
            49487,
            54088,
            39119,
            19504,
            38618,
            24122,
            67520,
            45011,
            19627,
            35332,
            12594,
            38568,
            23910,
            83921,
            36546,
            29509,
            23217,
            34998,
            60548,
            63406,
            27969,
            22809,
            18088,
            24842,
            46334,
            52595,
            30165,
            52971,
            68391,
            26982,
            75553,
            67067,
            22456
        ],
        "anomaly": [
            -1,
            1,
            1,
            1,
            1,
            1,
            1,
            1,
            1,
            1,
            1,
            1,
            1,
            -1,
            1,
            1,
            -1,
            1,
            1,
            1,
            1,
            1,
            1,
            1,
            1,
            1,
            1,
            1,
            1,
            1,
            1,
            1,
            1,
            -1,
            1,
            1
        ]
    },
    "越前町": {
        "month": [
            "2022-01",
            "2022-02",
            "2022-03",
            "2022-04",
            "2022-05",
            "2022-06",
            "2022-07",
            "2022-08",
            "2022-09",
            "2022-10",
            "2022-11",
            "2022-12",
            "2023-01",
            "2023-02",
            "2023-03",
            "2023-04",
            "2023-05",
            "2023-06",
            "2023-07",
            "2023-08",
            "2023-09",
            "2023-10",
            "2023-11",
            "2023-12",
            "2024-01",
            "2024-02",
            "2024-03",
            "2024-04",
            "2024-05",
            "2024-06",
            "2024-07",
            "2024-08",
            "2024-09",
            "2024-10",
            "2024-11",
            "2024-12"
        ],
        "count": [
            26086,
            17337,
            25260,
            28071,
            46834,
            24294,
            29713,
            28388,
            29738,
            38381,
            62476,
            36156,
            27000,
            19955,
            34394,
            23613,
            43468,
            23750,
            31057,
            36548,
            28639,
            30762,
            53519,
            29883,
            26844,
            26454,
            28783,
            32399,
            41036,
            18686,
            22846,
            38256,
            26159,
            24049,
            50157,
            21321
        ],
        "anomaly": [
            1,
            -1,
            1,
            1,
            1,
            1,
            1,
            1,
            1,
            1,
            -1,
            1,
            1,
            1,
            1,
            1,
            1,
            1,
            1,
            1,
            1,
            1,
            -1,
            1,
            1,
            1,
            1,
            1,
            1,
            1,
            1,
            1,
            1,
            1,
            -1,
            1
        ]
    },
    "高浜町": {
        "month": [
            "2022-01",
            "2022-02",
            "2022-03",
            "2022-04",
            "2022-05",
            "2022-06",
            "2022-07",
            "2022-08",
            "2022-09",
            "2022-10",
            "2022-11",
            "2022-12",
            "2023-01",
            "2023-02",
            "2023-03",
            "2023-04",
            "2023-05",
            "2023-06",
            "2023-07",
            "2023-08",
            "2023-09",
            "2023-10",
            "2023-11",
            "2023-12",
            "2024-01",
            "2024-02",
            "2024-03",
            "2024-04",
            "2024-05",
            "2024-06",
            "2024-07",
            "2024-08",
            "2024-09",
            "2024-10",
            "2024-11",
            "2024-12"
        ],
        "count": [
            9877,
            7980,
            12806,
            18130,
            35325,
            22220,
            44866,
            50603,
            25354,
            29695,
            24887,
            12432,
            11230,
            9035,
            17974,
            22826,
            31330,
            21128,
            53460,
            56120,
            28998,
            29827,
            29230,
            18688,
            16263,
            16365,
            19176,
            28190,
            33632,
            26051,
            44569,
            72416,
            31641,
            31386,
            26412,
            17313
        ],
        "anomaly": [
            1,
            -1,
            1,
            1,
            1,
            1,
            1,
            -1,
            1,
            1,
            1,
            1,
            1,
            1,
            1,
            1,
            1,
            1,
            1,
            -1,
            1,
            1,
            1,
            1,
            1,
            1,
            1,
            1,
            1,
            1,
            1,
            -1,
            1,
            1,
            1,
            1
        ]
    },
    "鯖江市": {
        "month": [
            "2022-01",
            "2022-02",
            "2022-03",
            "2022-04",
            "2022-05",
            "2022-06",
            "2022-07",
            "2022-08",
            "2022-09",
            "2022-10",
            "2022-11",
            "2022-12",
            "2023-01",
            "2023-02",
            "2023-03",
            "2023-04",
            "2023-05",
            "2023-06",
            "2023-07",
            "2023-08",
            "2023-09",
            "2023-10",
            "2023-11",
            "2023-12",
            "2024-01",
            "2024-02",
            "2024-03",
            "2024-04",
            "2024-05",
            "2024-06",
            "2024-07",
            "2024-08",
            "2024-09",
            "2024-10",
            "2024-11",
            "2024-12"
        ],
        "count": [
            7376,
            5898,
            13962,
            29778,
            51993,
            20219,
            15230,
            16791,
            15734,
            28425,
            26004,
            14808,
            11431,
            10940,
            21328,
            31145,
            51187,
            13458,
            15016,
            18468,
            18513,
            21224,
            23759,
            14742,
            9217,
            14223,
            19386,
            32993,
            46160,
            16961,
            21227,
            27297,
            22179,
            22443,
            30025,
            14692
        ],
        "anomaly": [
            1,
            -1,
            1,
            1,
            -1,
            1,
            1,
            1,
            1,
            1,
            1,
            1,
            1,
            1,
            1,
            1,
            -1,
            1,
            1,
            1,
            1,
            1,
            1,
            1,
            1,
            1,
            1,
            1,
            -1,
            1,
            1,
            1,
            1,
            1,
            1,
            1
        ]
    }
}