年,月,地域区分,データ区分,都道府県コード,都道府県名,地域コード,地域名称,人数
2022,1,市区町村,観光来訪者数,18,福井県,18201,福井市,45854
2022,1,市区町村,観光来訪者数,18,福井県,18202,敦賀市,30974
2022,1,市区町村,観光来訪者数,18,福井県,18204,小浜市,18618
2022,1,市区町村,観光来訪者数,18,福井県,18205,大野市,19957
2022,1,市区町村,観光来訪者数,18,福井県,18206,勝山市,84656
2022,1,市区町村,観光来訪者数,18,福井県,18207,鯖江市,7376
2022,1,市区町村,観光来訪者数,18,福井県,18208,あわら市,6901
2022,1,市区町村,観光来訪者数,18,福井県,18209,越前市,9551
2022,1,市区町村,観光来訪者数,18,福井県,18210,坂井市,54212
2022,1,市区町村,観光来訪者数,18,福井県,18322,永平寺町,15825
2022,1,市区町村,観光来訪者数,18,福井県,18382,池田町,2861
2022,1,市区町村,観光来訪者数,18,福井県,18404,南越前町,7734
2022,1,市区町村,観光来訪者数,18,福井県,18423,越前町,26086
2022,1,市区町村,観光来訪者数,18,福井県,18442,美浜町,3818
2022,1,市区町村,観光来訪者数,18,福井県,18481,高浜町,9877
2022,1,市区町村,観光来訪者数,18,福井県,18483,おおい町,10312
2022,1,市区町村,観光来訪者数,18,福井県,18501,若狭町,12497
2022,2,市区町村,観光来訪者数,18,福井県,18201,福井市,27543
2022,2,市区町村,観光来訪者数,18,福井県,18202,敦賀市,14678
2022,2,市区町村,観光来訪者数,18,福井県,18204,小浜市,15284
2022,2,市区町村,観光来訪者数,18,福井県,18205,大野市,19055
2022,2,市区町村,観光来訪者数,18,福井県,18206,勝山市,75391
2022,2,市区町村,観光来訪者数,18,福井県,18207,鯖江市,5898
2022,2,市区町村,観光来訪者数,18,福井県,18208,あわら市,6994
2022,2,市区町村,観光来訪者数,18,福井県,18209,越前市,20488
2022,2,市区町村,観光来訪者数,18,福井県,18210,坂井市,31781
2022,2,市区町村,観光来訪者数,18,福井県,18322,永平寺町,12196
2022,2,市区町村,観光来訪者数,18,福井県,18382,池田町,2145
2022,2,市区町村,観光来訪者数,18,福井県,18404,南越前町,8340
2022,2,市区町村,観光来訪者数,18,福井県,18423,越前町,17337
2022,2,市区町村,観光来訪者数,18,福井県,18442,美浜町,360
2022,2,市区町村,観光来訪者数,18,福井県,18481,高浜町,7980
2022,2,市区町村,観光来訪者数,18,福井県,18483,おおい町,11310
2022,2,市区町村,観光来訪者数,18,福井県,18501,若狭町,9839
2022,3,市区町村,観光来訪者数,18,福井県,18201,福井市,55354
2022,3,市区町村,観光来訪者数,18,福井県,18202,敦賀市,30169
2022,3,市区町村,観光来訪者数,18,福井県,18204,小浜市,29696
2022,3,市区町村,観光来訪者数,18,福井県,18205,大野市,19402
2022,3,市区町村,観光来訪者数,18,福井県,18206,勝山市,97215
2022,3,市区町村,観光来訪者数,18,福井県,18207,鯖江市,13962
2022,3,市区町村,観光来訪者数,18,福井県,18208,あわら市,19638
2022,3,市区町村,観光来訪者数,18,福井県,18209,越前市,15985
2022,3,市区町村,観光来訪者数,18,福井県,18210,坂井市,75037
2022,3,市区町村,観光来訪者数,18,福井県,18322,永平寺町,24532
2022,3,市区町村,観光来訪者数,18,福井県,18382,池田町,1593
2022,3,市区町村,観光来訪者数,18,福井県,18404,南越前町,11304
2022,3,市区町村,観光来訪者数,18,福井県,18423,越前町,25260
2022,3,市区町村,観光来訪者数,18,福井県,18442,美浜町,5209
2022,3,市区町村,観光来訪者数,18,福井県,18481,高浜町,12806
2022,3,市区町村,観光来訪者数,18,福井県,18483,おおい町,20689
2022,3,市区町村,観光来訪者数,18,福井県,18501,若狭町,32349
2022,4,市区町村,観光来訪者数,18,福井県,18201,福井市,83142
2022,4,市区町村,観光来訪者数,18,福井県,18202,敦賀市,44700
2022,4,市区町村,観光来訪者数,18,福井県,18204,小浜市,34902
2022,4,市区町村,観光来訪者数,18,福井県,18205,大野市,24609
2022,4,市区町村,観光来訪者数,18,福井県,18206,勝山市,64625
2022,4,市区町村,観光来訪者数,18,福井県,18207,鯖江市,29778
2022,4,市区町村,観光来訪者数,18,福井県,18208,あわら市,23696
2022,4,市区町村,観光来訪者数,18,福井県,18209,越前市,49487
2022,4,市区町村,観光来訪者数,18,福井県,18210,坂井市,116916
2022,4,市区町村,観光来訪者数,18,福井県,18322,永平寺町,39947
2022,4,市区町村,観光来訪者数,18,福井県,18382,池田町,4556
2022,4,市区町村,観光来訪者数,18,福井県,18404,南越前町,15558
2022,4,市区町村,観光来訪者数,18,福井県,18423,越前町,28071
2022,4,市区町村,観光来訪者数,18,福井県,18442,美浜町,8703
2022,4,市区町村,観光来訪者数,18,福井県,18481,高浜町,18130
2022,4,市区町村,観光来訪者数,18,福井県,18483,おおい町,31997
2022,4,市区町村,観光来訪者数,18,福井県,18501,若狭町,39970
2022,5,市区町村,観光来訪者数,18,福井県,18201,福井市,109860
2022,5,市区町村,観光来訪者数,18,福井県,18202,敦賀市,59030
2022,5,市区町村,観光来訪者数,18,福井県,18204,小浜市,60744
2022,5,市区町村,観光来訪者数,18,福井県,18205,大野市,38518
2022,5,市区町村,観光来訪者数,18,福井県,18206,勝山市,101548
2022,5,市区町村,観光来訪者数,18,福井県,18207,鯖江市,51993
2022,5,市区町村,観光来訪者数,18,福井県,18208,あわら市,39192
2022,5,市区町村,観光来訪者数,18,福井県,18209,越前市,54088
2022,5,市区町村,観光来訪者数,18,福井県,18210,坂井市,170589
2022,5,市区町村,観光来訪者数,18,福井県,18322,永平寺町,65453
2022,5,市区町村,観光来訪者数,18,福井県,18382,池田町,8723
2022,5,市区町村,観光来訪者数,18,福井県,18404,南越前町,27882
2022,5,市区町村,観光来訪者数,18,福井県,18423,越前町,46834
2022,5,市区町村,観光来訪者数,18,福井県,18442,美浜町,11111
2022,5,市区町村,観光来訪者数,18,福井県,18481,高浜町,35325
2022,5,市区町村,観光来訪者数,18,福井県,18483,おおい町,48414
2022,5,市区町村,観光来訪者数,18,福井県,18501,若狭町,72852
2022,6,市区町村,観光来訪者数,18,福井県,18201,福井市,72849
2022,6,市区町村,観光来訪者数,18,福井県,18202,敦賀市,38159
2022,6,市区町村,観光来訪者数,18,福井県,18204,小浜市,39234
2022,6,市区町村,観光来訪者数,18,福井県,18205,大野市,23784
2022,6,市区町村,観光来訪者数,18,福井県,18206,勝山市,55039
2022,6,市区町村,観光来訪者数,18,福井県,18207,鯖江市,20219
2022,6,市区町村,観光来訪者数,18,福井県,18208,あわら市,23868
2022,6,市区町村,観光来訪者数,18,福井県,18209,越前市,39119
2022,6,市区町村,観光来訪者数,18,福井県,18210,坂井市,98761
2022,6,市区町村,観光来訪者数,18,福井県,18322,永平寺町,34876
2022,6,市区町村,観光来訪者数,18,福井県,18382,池田町,3320
2022,6,市区町村,観光来訪者数,18,福井県,18404,南越前町,17540
2022,6,市区町村,観光来訪者数,18,福井県,18423,越前町,24294
2022,6,市区町村,観光来訪者数,18,福井県,18442,美浜町,7940
2022,6,市区町村,観光来訪者数,18,福井県,18481,高浜町,22220
2022,6,市区町村,観光来訪者数,18,福井県,18483,おおい町,27314
2022,6,市区町村,観光来訪者数,18,福井県,18501,若狭町,44912
2022,7,市区町村,観光来訪者数,18,福井県,18201,福井市,76725
2022,7,市区町村,観光来訪者数,18,福井県,18202,敦賀市,47206
2022,7,市区町村,観光来訪者数,18,福井県,18204,小浜市,41489
2022,7,市区町村,観光来訪者数,18,福井県,18205,大野市,24980
2022,7,市区町村,観光来訪者数,18,福井県,18206,勝山市,79866
2022,7,市区町村,観光来訪者数,18,福井県,18207,鯖江市,15230
2022,7,市区町村,観光来訪者数,18,福井県,18208,あわら市,22213
2022,7,市区町村,観光来訪者数,18,福井県,18209,越前市,19504
2022,7,市区町村,観光来訪者数,18,福井県,18210,坂井市,127517
2022,7,市区町村,観光来訪者数,18,福井県,18322,永平寺町,37862
2022,7,市区町村,観光来訪者数,18,福井県,18382,池田町,4781
2022,7,市区町村,観光来訪者数,18,福井県,18404,南越前町,27627
2022,7,市区町村,観光来訪者数,18,福井県,18423,越前町,29713
2022,7,市区町村,観光来訪者数,18,福井県,18442,美浜町,12187
2022,7,市区町村,観光来訪者数,18,福井県,18481,高浜町,44866
2022,7,市区町村,観光来訪者数,18,福井県,18483,おおい町,33573
2022,7,市区町村,観光来訪者数,18,福井県,18501,若狭町,44972
2022,8,市区町村,観光来訪者数,18,福井県,18201,福井市,78207
2022,8,市区町村,観光来訪者数,18,福井県,18202,敦賀市,49321
2022,8,市区町村,観光来訪者数,18,福井県,18204,小浜市,48404
2022,8,市区町村,観光来訪者数,18,福井県,18205,大野市,38495
2022,8,市区町村,観光来訪者数,18,福井県,18206,勝山市,126394
2022,8,市区町村,観光来訪者数,18,福井県,18207,鯖江市,16791
2022,8,市区町村,観光来訪者数,18,福井県,18208,あわら市,27949
2022,8,市区町村,観光来訪者数,18,福井県,18209,越前市,38618
2022,8,市区町村,観光来訪者数,18,福井県,18210,坂井市,201329
2022,8,市区町村,観光来訪者数,18,福井県,18322,永平寺町,43167
2022,8,市区町村,観光来訪者数,18,福井県,18382,池田町,5065
2022,8,市区町村,観光来訪者数,18,福井県,18404,南越前町,22207
2022,8,市区町村,観光来訪者数,18,福井県,18423,越前町,28388
2022,8,市区町村,観光来訪者数,18,福井県,18442,美浜町,13757
2022,8,市区町村,観光来訪者数,18,福井県,18481,高浜町,50603
2022,8,市区町村,観光来訪者数,18,福井県,18483,おおい町,37947
2022,8,市区町村,観光来訪者数,18,福井県,18501,若狭町,56681
2022,9,市区町村,観光来訪者数,18,福井県,18201,福井市,77208
2022,9,市区町村,観光来訪者数,18,福井県,18202,敦賀市,44646
2022,9,市区町村,観光来訪者数,18,福井県,18204,小浜市,40749
2022,9,市区町村,観光来訪者数,18,福井県,18205,大野市,23848
2022,9,市区町村,観光来訪者数,18,福井県,18206,勝山市,71772
2022,9,市区町村,観光来訪者数,18,福井県,18207,鯖江市,15734
2022,9,市区町村,観光来訪者数,18,福井県,18208,あわら市,28902
2022,9,市区町村,観光来訪者数,18,福井県,18209,越前市,24122
2022,9,市区町村,観光来訪者数,18,福井県,18210,坂井市,110672
2022,9,市区町村,観光来訪者数,18,福井県,18322,永平寺町,42316
2022,9,市区町村,観光来訪者数,18,福井県,18382,池田町,2153
2022,9,市区町村,観光来訪者数,18,福井県,18404,南越前町,17330
2022,9,市区町村,観光来訪者数,18,福井県,18423,越前町,29738
2022,9,市区町村,観光来訪者数,18,福井県,18442,美浜町,9339
2022,9,市区町村,観光来訪者数,18,福井県,18481,高浜町,25354
2022,9,市区町村,観光来訪者数,18,福井県,18483,おおい町,33758
2022,9,市区町村,観光来訪者数,18,福井県,18501,若狭町,44389
2022,10,市区町村,観光来訪者数,18,福井県,18201,福井市,117180
2022,10,市区町村,観光来訪者数,18,福井県,18202,敦賀市,50732
2022,10,市区町村,観光来訪者数,18,福井県,18204,小浜市,46308
2022,10,市区町村,観光来訪者数,18,福井県,18205,大野市,39440
2022,10,市区町村,観光来訪者数,18,福井県,18206,勝山市,92557
2022,10,市区町村,観光来訪者数,18,福井県,18207,鯖江市,28425
2022,10,市区町村,観光来訪者数,18,福井県,18208,あわら市,38214
2022,10,市区町村,観光来訪者数,18,福井県,18209,越前市,67520
2022,10,市区町村,観光来訪者数,18,福井県,18210,坂井市,140218
2022,10,市区町村,観光来訪者数,18,福井県,18322,永平寺町,66151
2022,10,市区町村,観光来訪者数,18,福井県,18382,池田町,4071
2022,10,市区町村,観光来訪者数,18,福井県,18404,南越前町,17073
2022,10,市区町村,観光来訪者数,18,福井県,18423,越前町,38381
2022,10,市区町村,観光来訪者数,18,福井県,18442,美浜町,13767
2022,10,市区町村,観光来訪者数,18,福井県,18481,高浜町,29695
2022,10,市区町村,観光来訪者数,18,福井県,18483,おおい町,36990
2022,10,市区町村,観光来訪者数,18,福井県,18501,若狭町,66760
2022,11,市区町村,観光来訪者数,18,福井県,18201,福井市,114475
2022,11,市区町村,観光来訪者数,18,福井県,18202,敦賀市,63035
2022,11,市区町村,観光来訪者数,18,福井県,18204,小浜市,38020
2022,11,市区町村,観光来訪者数,18,福井県,18205,大野市,33501
2022,11,市区町村,観光来訪者数,18,福井県,18206,勝山市,92923
2022,11,市区町村,観光来訪者数,18,福井県,18207,鯖江市,26004
2022,11,市区町村,観光来訪者数,18,福井県,18208,あわら市,31330
2022,11,市区町村,観光来訪者数,18,福井県,18209,越前市,45011
2022,11,市区町村,観光来訪者数,18,福井県,18210,坂井市,131748
2022,11,市区町村,観光来訪者数,18,福井県,18322,永平寺町,80124
2022,11,市区町村,観光来訪者数,18,福井県,18382,池田町,4837
2022,11,市区町村,観光来訪者数,18,福井県,18404,南越前町,16167
2022,11,市区町村,観光来訪者数,18,福井県,18423,越前町,62476
2022,11,市区町村,観光来訪者数,18,福井県,18442,美浜町,12528
2022,11,市区町村,観光来訪者数,18,福井県,18481,高浜町,24887
2022,11,市区町村,観光来訪者数,18,福井県,18483,おおい町,30421
2022,11,市区町村,観光来訪者数,18,福井県,18501,若狭町,59962
2022,12,市区町村,観光来訪者数,18,福井県,18201,福井市,61465
2022,12,市区町村,観光来訪者数,18,福井県,18202,敦賀市,54789
2022,12,市区町村,観光来訪者数,18,福井県,18204,小浜市,21578
2022,12,市区町村,観光来訪者数,18,福井県,18205,大野市,13387
2022,12,市区町村,観光来訪者数,18,福井県,18206,勝山市,40667
2022,12,市区町村,観光来訪者数,18,福井県,18207,鯖江市,14808
2022,12,市区町村,観光来訪者数,18,福井県,18208,あわら市,16042
2022,12,市区町村,観光来訪者数,18,福井県,18209,越前市,19627
2022,12,市区町村,観光来訪者数,18,福井県,18210,坂井市,72421
2022,12,市区町村,観光来訪者数,18,福井県,18322,永平寺町,32298
2022,12,市区町村,観光来訪者数,18,福井県,18382,池田町,791
2022,12,市区町村,観光来訪者数,18,福井県,18404,南越前町,10758
2022,12,市区町村,観光来訪者数,18,福井県,18423,越前町,36156
2022,12,市区町村,観光来訪者数,18,福井県,18442,美浜町,6503
2022,12,市区町村,観光来訪者数,18,福井県,18481,高浜町,12432
2022,12,市区町村,観光来訪者数,18,福井県,18483,おおい町,14756
2022,12,市区町村,観光来訪者数,18,福井県,18501,若狭町,34756
2023,1,市区町村,観光来訪者数,18,福井県,18201,福井市,59776
2023,1,市区町村,観光来訪者数,18,福井県,18202,敦賀市,30635
2023,1,市区町村,観光来訪者数,18,福井県,18204,小浜市,13579
2023,1,市区町村,観光来訪者数,18,福井県,18205,大野市,19730
2023,1,市区町村,観光来訪者数,18,福井県,18206,勝山市,79853
2023,1,市区町村,観光来訪者数,18,福井県,18207,鯖江市,11431
2023,1,市区町村,観光来訪者数,18,福井県,18208,あわら市,10206
2023,1,市区町村,観光来訪者数,18,福井県,18209,越前市,35332
2023,1,市区町村,観光来訪者数,18,福井県,18210,坂井市,60135
2023,1,市区町村,観光来訪者数,18,福井県,18322,永平寺町,17971
2023,1,市区町村,観光来訪者数,18,福井県,18382,池田町,1420
2023,1,市区町村,観光来訪者数,18,福井県,18404,南越前町,8632
2023,1,市区町村,観光来訪者数,18,福井県,18423,越前町,27000
2023,1,市区町村,観光来訪者数,18,福井県,18442,美浜町,3391
2023,1,市区町村,観光来訪者数,18,福井県,18481,高浜町,11230
2023,1,市区町村,観光来訪者数,18,福井県,18483,おおい町,9167
2023,1,市区町村,観光来訪者数,18,福井県,18501,若狭町,12970
2023,2,市区町村,観光来訪者数,18,福井県,18201,福井市,50388
2023,2,市区町村,観光来訪者数,18,福井県,18202,敦賀市,30249
2023,2,市区町村,観光来訪者数,18,福井県,18204,小浜市,15382
2023,2,市区町村,観光来訪者数,18,福井県,18205,大野市,24856
2023,2,市区町村,観光来訪者数,18,福井県,18206,勝山市,82379
2023,2,市区町村,観光来訪者数,18,福井県,18207,鯖江市,10940
2023,2,市区町村,観光来訪者数,18,福井県,18208,あわら市,12749
2023,2,市区町村,観光来訪者数,18,福井県,18209,越前市,12594
2023,2,市区町村,観光来訪者数,18,福井県,18210,坂井市,60878
2023,2,市区町村,観光来訪者数,18,福井県,18322,永平寺町,23666
2023,2,市区町村,観光来訪者数,18,福井県,18382,池田町,1453
2023,2,市区町村,観光来訪者数,18,福井県,18404,南越前町,8375
2023,2,市区町村,観光来訪者数,18,福井県,18423,越前町,19955
2023,2,市区町村,観光来訪者数,18,福井県,18442,美浜町,1330
2023,2,市区町村,観光来訪者数,18,福井県,18481,高浜町,9035
2023,2,市区町村,観光来訪者数,18,福井県,18483,おおい町,12608
2023,2,市区町村,観光来訪者数,18,福井県,18501,若狭町,17338
2023,3,市区町村,観光来訪者数,18,福井県,18201,福井市,87610
2023,3,市区町村,観光来訪者数,18,福井県,18202,敦賀市,46749
2023,3,市区町村,観光来訪者数,18,福井県,18204,小浜市,17560
2023,3,市区町村,観光来訪者数,18,福井県,18205,大野市,20152
2023,3,市区町村,観光来訪者数,18,福井県,18206,勝山市,54247
2023,3,市区町村,観光来訪者数,18,福井県,18207,鯖江市,21328
2023,3,市区町村,観光来訪者数,18,福井県,18208,あわら市,26039
2023,3,市区町村,観光来訪者数,18,福井県,18209,越前市,38568
2023,3,市区町村,観光来訪者数,18,福井県,18210,坂井市,103694
2023,3,市区町村,観光来訪者数,18,福井県,18322,永平寺町,42040
2023,3,市区町村,観光来訪者数,18,福井県,18382,池田町,1386
2023,3,市区町村,観光来訪者数,18,福井県,18404,南越前町,15084
2023,3,市区町村,観光来訪者数,18,福井県,18423,越前町,34394
2023,3,市区町村,観光来訪者数,18,福井県,18442,美浜町,6135
2023,3,市区町村,観光来訪者数,18,福井県,18481,高浜町,17974
2023,3,市区町村,観光来訪者数,18,福井県,18483,おおい町,23908
2023,3,市区町村,観光来訪者数,18,福井県,18501,若狭町,39122
2023,4,市区町村,観光来訪者数,18,福井県,18201,福井市,84529
2023,4,市区町村,観光来訪者数,18,福井県,18202,敦賀市,42526
2023,4,市区町村,観光来訪者数,18,福井県,18204,小浜市,32449
2023,4,市区町村,観光来訪者数,18,福井県,18205,大野市,23445
2023,4,市区町村,観光来訪者数,18,福井県,18206,勝山市,23874
2023,4,市区町村,観光来訪者数,18,福井県,18207,鯖江市,31145
2023,4,市区町村,観光来訪者数,18,福井県,18208,あわら市,30603
2023,4,市区町村,観光来訪者数,18,福井県,18209,越前市,23910
2023,4,市区町村,観光来訪者数,18,福井県,18210,坂井市,108059
2023,4,市区町村,観光来訪者数,18,福井県,18322,永平寺町,46068
2023,4,市区町村,観光来訪者数,18,福井県,18382,池田町,2155
2023,4,市区町村,観光来訪者数,18,福井県,18404,南越前町,14492
2023,4,市区町村,観光来訪者数,18,福井県,18423,越前町,23613
2023,4,市区町村,観光来訪者数,18,福井県,18442,美浜町,7176
2023,4,市区町村,観光来訪者数,18,福井県,18481,高浜町,22826
2023,4,市区町村,観光来訪者数,18,福井県,18483,おおい町,32819
2023,4,市区町村,観光来訪者数,18,福井県,18501,若狭町,36507
2023,5,市区町村,観光来訪者数,18,福井県,18201,福井市,111079
2023,5,市区町村,観光来訪者数,18,福井県,18202,敦賀市,66089
2023,5,市区町村,観光来訪者数,18,福井県,18204,小浜市,56572
2023,5,市区町村,観光来訪者数,18,福井県,18205,大野市,39164
2023,5,市区町村,観光来訪者数,18,福井県,18206,勝山市,50185
2023,5,市区町村,観光来訪者数,18,福井県,18207,鯖江市,51187
2023,5,市区町村,観光来訪者数,18,福井県,18208,あわら市,47845
2023,5,市区町村,観光来訪者数,18,福井県,18209,越前市,83921
2023,5,市区町村,観光来訪者数,18,福井県,18210,坂井市,171026
2023,5,市区町村,観光来訪者数,18,福井県,18322,永平寺町,72832
2023,5,市区町村,観光来訪者数,18,福井県,18382,池田町,6969
2023,5,市区町村,観光来訪者数,18,福井県,18404,南越前町,22912
2023,5,市区町村,観光来訪者数,18,福井県,18423,越前町,43468
2023,5,市区町村,観光来訪者数,18,福井県,18442,美浜町,10818
2023,5,市区町村,観光来訪者数,18,福井県,18481,高浜町,31330
2023,5,市区町村,観光来訪者数,18,福井県,18483,おおい町,45916
2023,5,市区町村,観光来訪者数,18,福井県,18501,若狭町,73733
2023,6,市区町村,観光来訪者数,18,福井県,18201,福井市,95516
2023,6,市区町村,観光来訪者数,18,福井県,18202,敦賀市,41181
2023,6,市区町村,観光来訪者数,18,福井県,18204,小浜市,32158
2023,6,市区町村,観光来訪者数,18,福井県,18205,大野市,24037
2023,6,市区町村,観光来訪者数,18,福井県,18206,勝山市,27126
2023,6,市区町村,観光来訪者数,18,福井県,18207,鯖江市,13458
2023,6,市区町村,観光来訪者数,18,福井県,18208,あわら市,31560
2023,6,市区町村,観光来訪者数,18,福井県,18209,越前市,36546
2023,6,市区町村,観光来訪者数,18,福井県,18210,坂井市,106902
2023,6,市区町村,観光来訪者数,18,福井県,18322,永平寺町,44618
2023,6,市区町村,観光来訪者数,18,福井県,18382,池田町,3591
2023,6,市区町村,観光来訪者数,18,福井県,18404,南越前町,15753
2023,6,市区町村,観光来訪者数,18,福井県,18423,越前町,23750
2023,6,市区町村,観光来訪者数,18,福井県,18442,美浜町,8942
2023,6,市区町村,観光来訪者数,18,福井県,18481,高浜町,21128
2023,6,市区町村,観光来訪者数,18,福井県,18483,おおい町,25843
2023,6,市区町村,観光来訪者数,18,福井県,18501,若狭町,53289
2023,7,市区町村,観光来訪者数,18,福井県,18201,福井市,96135
2023,7,市区町村,観光来訪者数,18,福井県,18202,敦賀市,62033
2023,7,市区町村,観光来訪者数,18,福井県,18204,小浜市,39024
2023,7,市区町村,観光来訪者数,18,福井県,18205,大野市,31242
2023,7,市区町村,観光来訪者数,18,福井県,18206,勝山市,99746
2023,7,市区町村,観光来訪者数,18,福井県,18207,鯖江市,15016
2023,7,市区町村,観光来訪者数,18,福井県,18208,あわら市,30008
2023,7,市区町村,観光来訪者数,18,福井県,18209,越前市,29509
2023,7,市区町村,観光来訪者数,18,福井県,18210,坂井市,135741
2023,7,市区町村,観光来訪者数,18,福井県,18322,永平寺町,41547
2023,7,市区町村,観光来訪者数,18,福井県,18382,池田町,3811
2023,7,市区町村,観光来訪者数,18,福井県,18404,南越前町,20522
2023,7,市区町村,観光来訪者数,18,福井県,18423,越前町,31057
2023,7,市区町村,観光来訪者数,18,福井県,18442,美浜町,17487
2023,7,市区町村,観光来訪者数,18,福井県,18481,高浜町,53460
2023,7,市区町村,観光来訪者数,18,福井県,18483,おおい町,39981
2023,7,市区町村,観光来訪者数,18,福井県,18501,若狭町,67138
2023,8,市区町村,観光来訪者数,18,福井県,18201,福井市,109267
2023,8,市区町村,観光来訪者数,18,福井県,18202,敦賀市,61363
2023,8,市区町村,観光来訪者数,18,福井県,18204,小浜市,46671
2023,8,市区町村,観光来訪者数,18,福井県,18205,大野市,44258
2023,8,市区町村,観光来訪者数,18,福井県,18206,勝山市,193309
2023,8,市区町村,観光来訪者数,18,福井県,18207,鯖江市,18468
2023,8,市区町村,観光来訪者数,18,福井県,18208,あわら市,36318
2023,8,市区町村,観光来訪者数,18,福井県,18209,越前市,23217
2023,8,市区町村,観光来訪者数,18,福井県,18210,坂井市,242945
2023,8,市区町村,観光来訪者数,18,福井県,18322,永平寺町,53334
2023,8,市区町村,観光来訪者数,18,福井県,18382,池田町,6987
2023,8,市区町村,観光来訪者数,18,福井県,18404,南越前町,20723
2023,8,市区町村,観光来訪者数,18,福井県,18423,越前町,36548
2023,8,市区町村,観光来訪者数,18,福井県,18442,美浜町,16808
2023,8,市区町村,観光来訪者数,18,福井県,18481,高浜町,56120
2023,8,市区町村,観光来訪者数,18,福井県,18483,おおい町,42259
2023,8,市区町村,観光来訪者数,18,福井県,18501,若狭町,61124
2023,9,市区町村,観光来訪者数,18,福井県,18201,福井市,103977
2023,9,市区町村,観光来訪者数,18,福井県,18202,敦賀市,55975
2023,9,市区町村,観光来訪者数,18,福井県,18204,小浜市,41555
2023,9,市区町村,観光来訪者数,18,福井県,18205,大野市,33565
2023,9,市区町村,観光来訪者数,18,福井県,18206,勝山市,99972
2023,9,市区町村,観光来訪者数,18,福井県,18207,鯖江市,18513
2023,9,市区町村,観光来訪者数,18,福井県,18208,あわら市,68014
2023,9,市区町村,観光来訪者数,18,福井県,18209,越前市,34998
2023,9,市区町村,観光来訪者数,18,福井県,18210,坂井市,114893
2023,9,市区町村,観光来訪者数,18,福井県,18322,永平寺町,51441
2023,9,市区町村,観光来訪者数,18,福井県,18382,池田町,3136
2023,9,市区町村,観光来訪者数,18,福井県,18404,南越前町,15970
2023,9,市区町村,観光来訪者数,18,福井県,18423,越前町,28639
2023,9,市区町村,観光来訪者数,18,福井県,18442,美浜町,8619
2023,9,市区町村,観光来訪者数,18,福井県,18481,高浜町,28998
2023,9,市区町村,観光来訪者数,18,福井県,18483,おおい町,35168
2023,9,市区町村,観光来訪者数,18,福井県,18501,若狭町,53863
2023,10,市区町村,観光来訪者数,18,福井県,18201,福井市,112120
2023,10,市区町村,観光来訪者数,18,福井県,18202,敦賀市,50029
2023,10,市区町村,観光来訪者数,18,福井県,18204,小浜市,39227
2023,10,市区町村,観光来訪者数,18,福井県,18205,大野市,41626
2023,10,市区町村,観光来訪者数,18,福井県,18206,勝山市,111485
2023,10,市区町村,観光来訪者数,18,福井県,18207,鯖江市,21224
2023,10,市区町村,観光来訪者数,18,福井県,18208,あわら市,47968
2023,10,市区町村,観光来訪者数,18,福井県,18209,越前市,60548
2023,10,市区町村,観光来訪者数,18,福井県,18210,坂井市,124157
2023,10,市区町村,観光来訪者数,18,福井県,18322,永平寺町,70159
2023,10,市区町村,観光来訪者数,18,福井県,18382,池田町,2449
2023,10,市区町村,観光来訪者数,18,福井県,18404,南越前町,15577
2023,10,市区町村,観光来訪者数,18,福井県,18423,越前町,30762
2023,10,市区町村,観光来訪者数,18,福井県,18442,美浜町,10022
2023,10,市区町村,観光来訪者数,18,福井県,18481,高浜町,29827
2023,10,市区町村,観光来訪者数,18,福井県,18483,おおい町,30002
2023,10,市区町村,観光来訪者数,18,福井県,18501,若狭町,52836
2023,11,市区町村,観光来訪者数,18,福井県,18201,福井市,126077
2023,11,市区町村,観光来訪者数,18,福井県,18202,敦賀市,55209
2023,11,市区町村,観光来訪者数,18,福井県,18204,小浜市,37923
2023,11,市区町村,観光来訪者数,18,福井県,18205,大野市,42782
2023,11,市区町村,観光来訪者数,18,福井県,18206,勝山市,120143
2023,11,市区町村,観光来訪者数,18,福井県,18207,鯖江市,23759
2023,11,市区町村,観光来訪者数,18,福井県,18208,あわら市,31730
2023,11,市区町村,観光来訪者数,18,福井県,18209,越前市,63406
2023,11,市区町村,観光来訪者数,18,福井県,18210,坂井市,120702
2023,11,市区町村,観光来訪者数,18,福井県,18322,永平寺町,78417
2023,11,市区町村,観光来訪者数,18,福井県,18382,池田町,4592
2023,11,市区町村,観光来訪者数,18,福井県,18404,南越前町,17040
2023,11,市区町村,観光来訪者数,18,福井県,18423,越前町,53519
2023,11,市区町村,観光来訪者数,18,福井県,18442,美浜町,11618
2023,11,市区町村,観光来訪者数,18,福井県,18481,高浜町,29230
2023,11,市区町村,観光来訪者数,18,福井県,18483,おおい町,30097
2023,11,市区町村,観光来訪者数,18,福井県,18501,若狭町,52270
2023,12,市区町村,観光来訪者数,18,福井県,18201,福井市,63654
2023,12,市区町村,観光来訪者数,18,福井県,18202,敦賀市,52504
2023,12,市区町村,観光来訪者数,18,福井県,18204,小浜市,19585
2023,12,市区町村,観光来訪者数,18,福井県,18205,大野市,15124
2023,12,市区町村,観光来訪者数,18,福井県,18206,勝山市,67364
2023,12,市区町村,観光来訪者数,18,福井県,18207,鯖江市,14742
2023,12,市区町村,観光来訪者数,18,福井県,18208,あわら市,20542
2023,12,市区町村,観光来訪者数,18,福井県,18209,越前市,27969
2023,12,市区町村,観光来訪者数,18,福井県,18210,坂井市,66134
2023,12,市区町村,観光来訪者数,18,福井県,18322,永平寺町,31543
2023,12,市区町村,観光来訪者数,18,福井県,18382,池田町,1211
2023,12,市区町村,観光来訪者数,18,福井県,18404,南越前町,13439
2023,12,市区町村,観光来訪者数,18,福井県,18423,越前町,29883
2023,12,市区町村,観光来訪者数,18,福井県,18442,美浜町,6847
2023,12,市区町村,観光来訪者数,18,福井県,18481,高浜町,18688
2023,12,市区町村,観光来訪者数,18,福井県,18483,おおい町,15034
2023,12,市区町村,観光来訪者数,18,福井県,18501,若狭町,20852
2024,1,市区町村,観光来訪者数,18,福井県,18201,福井市,63805
2024,1,市区町村,観光来訪者数,18,福井県,18202,敦賀市,39693
2024,1,市区町村,観光来訪者数,18,福井県,18204,小浜市,16887
2024,1,市区町村,観光来訪者数,18,福井県,18205,大野市,22427
2024,1,市区町村,観光来訪者数,18,福井県,18206,勝山市,85524
2024,1,市区町村,観光来訪者数,18,福井県,18207,鯖江市,9217
2024,1,市区町村,観光来訪者数,18,福井県,18208,あわら市,11613
2024,1,市区町村,観光来訪者数,18,福井県,18209,越前市,22809
2024,1,市区町村,観光来訪者数,18,福井県,18210,坂井市,53993
2024,1,市区町村,観光来訪者数,18,福井県,18322,永平寺町,17710
2024,1,市区町村,観光来訪者数,18,福井県,18382,池田町,1100
2024,1,市区町村,観光来訪者数,18,福井県,18404,南越前町,10050
2024,1,市区町村,観光来訪者数,18,福井県,18423,越前町,26844
2024,1,市区町村,観光来訪者数,18,福井県,18442,美浜町,3542
2024,1,市区町村,観光来訪者数,18,福井県,18481,高浜町,16263
2024,1,市区町村,観光来訪者数,18,福井県,18483,おおい町,11505
2024,1,市区町村,観光来訪者数,18,福井県,18501,若狭町,13622
2024,2,市区町村,観光来訪者数,18,福井県,18201,福井市,61007
2024,2,市区町村,観光来訪者数,18,福井県,18202,敦賀市,37947
2024,2,市区町村,観光来訪者数,18,福井県,18204,小浜市,18641
2024,2,市区町村,観光来訪者数,18,福井県,18205,大野市,26322
2024,2,市区町村,観光来訪者数,18,福井県,18206,勝山市,102098
2024,2,市区町村,観光来訪者数,18,福井県,18207,鯖江市,14223
2024,2,市区町村,観光来訪者数,18,福井県,18208,あわら市,17876
2024,2,市区町村,観光来訪者数,18,福井県,18209,越前市,18088
2024,2,市区町村,観光来訪者数,18,福井県,18210,坂井市,57471
2024,2,市区町村,観光来訪者数,18,福井県,18322,永平寺町,21618
2024,2,市区町村,観光来訪者数,18,福井県,18382,池田町,634
2024,2,市区町村,観光来訪者数,18,福井県,18404,南越前町,13899
2024,2,市区町村,観光来訪者数,18,福井県,18423,越前町,26454
2024,2,市区町村,観光来訪者数,18,福井県,18442,美浜町,2166
2024,2,市区町村,観光来訪者数,18,福井県,18481,高浜町,16365
2024,2,市区町村,観光来訪者数,18,福井県,18483,おおい町,15139
2024,2,市区町村,観光来訪者数,18,福井県,18501,若狭町,19910
2024,3,市区町村,観光来訪者数,18,福井県,18201,福井市,129264
2024,3,市区町村,観光来訪者数,18,福井県,18202,敦賀市,69979
2024,3,市区町村,観光来訪者数,18,福井県,18204,小浜市,26094
2024,3,市区町村,観光来訪者数,18,福井県,18205,大野市,19837
2024,3,市区町村,観光来訪者数,18,福井県,18206,勝山市,123276
2024,3,市区町村,観光来訪者数,18,福井県,18207,鯖江市,19386
2024,3,市区町村,観光来訪者数,18,福井県,18208,あわら市,26788
2024,3,市区町村,観光来訪者数,18,福井県,18209,越前市,24842
2024,3,市区町村,観光来訪者数,18,福井県,18210,坂井市,89310
2024,3,市区町村,観光来訪者数,18,福井県,18322,永平寺町,46575
2024,3,市区町村,観光来訪者数,18,福井県,18382,池田町,1811
2024,3,市区町村,観光来訪者数,18,福井県,18404,南越前町,12045
2024,3,市区町村,観光来訪者数,18,福井県,18423,越前町,28783
2024,3,市区町村,観光来訪者数,18,福井県,18442,美浜町,7647
2024,3,市区町村,観光来訪者数,18,福井県,18481,高浜町,19176
2024,3,市区町村,観光来訪者数,18,福井県,18483,おおい町,20292
2024,3,市区町村,観光来訪者数,18,福井県,18501,若狭町,34626
2024,4,市区町村,観光来訪者数,18,福井県,18201,福井市,133036
2024,4,市区町村,観光来訪者数,18,福井県,18202,敦賀市,70604
2024,4,市区町村,観光来訪者数,18,福井県,18204,小浜市,34158
2024,4,市区町村,観光来訪者数,18,福井県,18205,大野市,33178
2024,4,市区町村,観光来訪者数,18,福井県,18206,勝山市,126759
2024,4,市区町村,観光来訪者数,18,福井県,18207,鯖江市,32993
2024,4,市区町村,観光来訪者数,18,福井県,18208,あわら市,41658
2024,4,市区町村,観光来訪者数,18,福井県,18209,越前市,46334
2024,4,市区町村,観光来訪者数,18,福井県,18210,坂井市,138191
2024,4,市区町村,観光来訪者数,18,福井県,18322,永平寺町,77487
2024,4,市区町村,観光来訪者数,18,福井県,18382,池田町,7326
2024,4,市区町村,観光来訪者数,18,福井県,18404,南越前町,15211
2024,4,市区町村,観光来訪者数,18,福井県,18423,越前町,32399
2024,4,市区町村,観光来訪者数,18,福井県,18442,美浜町,10542
2024,4,市区町村,観光来訪者数,18,福井県,18481,高浜町,28190
2024,4,市区町村,観光来訪者数,18,福井県,18483,おおい町,29007
2024,4,市区町村,観光来訪者数,18,福井県,18501,若狭町,45369
2024,5,市区町村,観光来訪者数,18,福井県,18201,福井市,133995
2024,5,市区町村,観光来訪者数,18,福井県,18202,敦賀市,74612
2024,5,市区町村,観光来訪者数,18,福井県,18204,小浜市,45178
2024,5,市区町村,観光来訪者数,18,福井県,18205,大野市,39717
2024,5,市区町村,観光来訪者数,18,福井県,18206,勝山市,130469
2024,5,市区町村,観光来訪者数,18,福井県,18207,鯖江市,46160
2024,5,市区町村,観光来訪者数,18,福井県,18208,あわら市,39796
2024,5,市区町村,観光来訪者数,18,福井県,18209,越前市,52595
2024,5,市区町村,観光来訪者数,18,福井県,18210,坂井市,138384
2024,5,市区町村,観光来訪者数,18,福井県,18322,永平寺町,76144
2024,5,市区町村,観光来訪者数,18,福井県,18382,池田町,10019
2024,5,市区町村,観光来訪者数,18,福井県,18404,南越前町,22967
2024,5,市区町村,観光来訪者数,18,福井県,18423,越前町,41036
2024,5,市区町村,観光来訪者数,18,福井県,18442,美浜町,12610
2024,5,市区町村,観光来訪者数,18,福井県,18481,高浜町,33632
2024,5,市区町村,観光来訪者数,18,福井県,18483,おおい町,36864
2024,5,市区町村,観光来訪者数,18,福井県,18501,若狭町,69121
2024,6,市区町村,観光来訪者数,18,福井県,18201,福井市,95966
2024,6,市区町村,観光来訪者数,18,福井県,18202,敦賀市,60388
2024,6,市区町村,観光来訪者数,18,福井県,18204,小浜市,28602
2024,6,市区町村,観光来訪者数,18,福井県,18205,大野市,28292
2024,6,市区町村,観光来訪者数,18,福井県,18206,勝山市,107869
2024,6,市区町村,観光来訪者数,18,福井県,18207,鯖江市,16961
2024,6,市区町村,観光来訪者数,18,福井県,18208,あわら市,30719
2024,6,市区町村,観光来訪者数,18,福井県,18209,越前市,30165
2024,6,市区町村,観光来訪者数,18,福井県,18210,坂井市,120643
2024,6,市区町村,観光来訪者数,18,福井県,18322,永平寺町,57165
2024,6,市区町村,観光来訪者数,18,福井県,18382,池田町,7697
2024,6,市区町村,観光来訪者数,18,福井県,18404,南越前町,13540
2024,6,市区町村,観光来訪者数,18,福井県,18423,越前町,18686
2024,6,市区町村,観光来訪者数,18,福井県,18442,美浜町,10389
2024,6,市区町村,観光来訪者数,18,福井県,18481,高浜町,26051
2024,6,市区町村,観光来訪者数,18,福井県,18483,おおい町,24371
2024,6,市区町村,観光来訪者数,18,福井県,18501,若狭町,51239
2024,7,市区町村,観光来訪者数,18,福井県,18201,福井市,102876
2024,7,市区町村,観光来訪者数,18,福井県,18202,敦賀市,59491
2024,7,市区町村,観光来訪者数,18,福井県,18204,小浜市,35924
2024,7,市区町村,観光来訪者数,18,福井県,18205,大野市,28251
2024,7,市区町村,観光来訪者数,18,福井県,18206,勝山市,134944
2024,7,市区町村,観光来訪者数,18,福井県,18207,鯖江市,21227
2024,7,市区町村,観光来訪者数,18,福井県,18208,あわら市,26339
2024,7,市区町村,観光来訪者数,18,福井県,18209,越前市,52971
2024,7,市区町村,観光来訪者数,18,福井県,18210,坂井市,148306
2024,7,市区町村,観光来訪者数,18,福井県,18322,永平寺町,54305
2024,7,市区町村,観光来訪者数,18,福井県,18382,池田町,4469
2024,7,市区町村,観光来訪者数,18,福井県,18404,南越前町,18858
2024,7,市区町村,観光来訪者数,18,福井県,18423,越前町,22846
2024,7,市区町村,観光来訪者数,18,福井県,18442,美浜町,16804
2024,7,市区町村,観光来訪者数,18,福井県,18481,高浜町,44569
2024,7,市区町村,観光来訪者数,18,福井県,18483,おおい町,29901
2024,7,市区町村,観光来訪者数,18,福井県,18501,若狭町,36127
2024,8,市区町村,観光来訪者数,18,福井県,18201,福井市,164050
2024,8,市区町村,観光来訪者数,18,福井県,18202,敦賀市,101215
2024,8,市区町村,観光来訪者数,18,福井県,18204,小浜市,57331
2024,8,市区町村,観光来訪者数,18,福井県,18205,大野市,40351
2024,8,市区町村,観光来訪者数,18,福井県,18206,勝山市,220699
2024,8,市区町村,観光来訪者数,18,福井県,18207,鯖江市,27297
2024,8,市区町村,観光来訪者数,18,福井県,18208,あわら市,40073
2024,8,市区町村,観光来訪者数,18,福井県,18209,越前市,68391
2024,8,市区町村,観光来訪者数,18,福井県,18210,坂井市,276555
2024,8,市区町村,観光来訪者数,18,福井県,18322,永平寺町,76032
2024,8,市区町村,観光来訪者数,18,福井県,18382,池田町,10650
2024,8,市区町村,観光来訪者数,18,福井県,18404,南越前町,17075
2024,8,市区町村,観光来訪者数,18,福井県,18423,越前町,38256
2024,8,市区町村,観光来訪者数,18,福井県,18442,美浜町,25415
2024,8,市区町村,観光来訪者数,18,福井県,18481,高浜町,72416
2024,8,市区町村,観光来訪者数,18,福井県,18483,おおい町,47961
2024,8,市区町村,観光来訪者数,18,福井県,18501,若狭町,47895
2024,9,市区町村,観光来訪者数,18,福井県,18201,福井市,117938
2024,9,市区町村,観光来訪者数,18,福井県,18202,敦賀市,75985
2024,9,市区町村,観光来訪者数,18,福井県,18204,小浜市,41419
2024,9,市区町村,観光来訪者数,18,福井県,18205,大野市,26235
2024,9,市区町村,観光来訪者数,18,福井県,18206,勝山市,147497
2024,9,市区町村,観光来訪者数,18,福井県,18207,鯖江市,22179
2024,9,市区町村,観光来訪者数,18,福井県,18208,あわら市,35162
2024,9,市区町村,観光来訪者数,18,福井県,18209,越前市,26982
2024,9,市区町村,観光来訪者数,18,福井県,18210,坂井市,135188
2024,9,市区町村,観光来訪者数,18,福井県,18322,永平寺町,77458
2024,9,市区町村,観光来訪者数,18,福井県,18382,池田町,4297
2024,9,市区町村,観光来訪者数,18,福井県,18404,南越前町,18248
2024,9,市区町村,観光来訪者数,18,福井県,18423,越前町,26159
2024,9,市区町村,観光来訪者数,18,福井県,18442,美浜町,10228
2024,9,市区町村,観光来訪者数,18,福井県,18481,高浜町,31641
2024,9,市区町村,観光来訪者数,18,福井県,18483,おおい町,37553
2024,9,市区町村,観光来訪者数,18,福井県,18501,若狭町,44033
2024,10,市区町村,観光来訪者数,18,福井県,18201,福井市,131534
2024,10,市区町村,観光来訪者数,18,福井県,18202,敦賀市,65739
2024,10,市区町村,観光来訪者数,18,福井県,18204,小浜市,42590
2024,10,市区町村,観光来訪者数,18,福井県,18205,大野市,32230
2024,10,市区町村,観光来訪者数,18,福井県,18206,勝山市,155731
2024,10,市区町村,観光来訪者数,18,福井県,18207,鯖江市,22443
2024,10,市区町村,観光来訪者数,18,福井県,18208,あわら市,40926
2024,10,市区町村,観光来訪者数,18,福井県,18209,越前市,75553
2024,10,市区町村,観光来訪者数,18,福井県,18210,坂井市,131335
2024,10,市区町村,観光来訪者数,18,福井県,18322,永平寺町,93693
2024,10,市区町村,観光来訪者数,18,福井県,18382,池田町,4141
2024,10,市区町村,観光来訪者数,18,福井県,18404,南越前町,23061
2024,10,市区町村,観光来訪者数,18,福井県,18423,越前町,24049
2024,10,市区町村,観光来訪者数,18,福井県,18442,美浜町,12154
2024,10,市区町村,観光来訪者数,18,福井県,18481,高浜町,31386
2024,10,市区町村,観光来訪者数,18,福井県,18483,おおい町,31760
2024,10,市区町村,観光来訪者数,18,福井県,18501,若狭町,54782
2024,11,市区町村,観光来訪者数,18,福井県,18201,福井市,143085
2024,11,市区町村,観光来訪者数,18,福井県,18202,敦賀市,78137
2024,11,市区町村,観光来訪者数,18,福井県,18204,小浜市,34265
2024,11,市区町村,観光来訪者数,18,福井県,18205,大野市,34533
2024,11,市区町村,観光来訪者数,18,福井県,18206,勝山市,158861
2024,11,市区町村,観光来訪者数,18,福井県,18207,鯖江市,30025
2024,11,市区町村,観光来訪者数,18,福井県,18208,あわら市,39112
2024,11,市区町村,観光来訪者数,18,福井県,18209,越前市,67067
2024,11,市区町村,観光来訪者数,18,福井県,18210,坂井市,134059
2024,11,市区町村,観光来訪者数,18,福井県,18322,永平寺町,112067
2024,11,市区町村,観光来訪者数,18,福井県,18382,池田町,6460
2024,11,市区町村,観光来訪者数,18,福井県,18404,南越前町,13298
2024,11,市区町村,観光来訪者数,18,福井県,18423,越前町,50157
2024,11,市区町村,観光来訪者数,18,福井県,18442,美浜町,13738
2024,11,市区町村,観光来訪者数,18,福井県,18481,高浜町,26412
2024,11,市区町村,観光来訪者数,18,福井県,18483,おおい町,30077
2024,11,市区町村,観光来訪者数,18,福井県,18501,若狭町,64619
2024,12,市区町村,観光来訪者数,18,福井県,18201,福井市,74716
2024,12,市区町村,観光来訪者数,18,福井県,18202,敦賀市,48556
2024,12,市区町村,観光来訪者数,18,福井県,18204,小浜市,22264
2024,12,市区町村,観光来訪者数,18,福井県,18205,大野市,16003
2024,12,市区町村,観光来訪者数,18,福井県,18206,勝山市,89164
2024,12,市区町村,観光来訪者数,18,福井県,18207,鯖江市,14692
2024,12,市区町村,観光来訪者数,18,福井県,18208,あわら市,22518
2024,12,市区町村,観光来訪者数,18,福井県,18209,越前市,22456
2024,12,市区町村,観光来訪者数,18,福井県,18210,坂井市,68248
2024,12,市区町村,観光来訪者数,18,福井県,18322,永平寺町,40981
2024,12,市区町村,観光来訪者数,18,福井県,18382,池田町,739
2024,12,市区町村,観光来訪者数,18,福井県,18404,南越前町,10620
2024,12,市区町村,観光来訪者数,18,福井県,18423,越前町,21321
2024,12,市区町村,観光来訪者数,18,福井県,18442,美浜町,8301
2024,12,市区町村,観光来訪者数,18,福井県,18481,高浜町,17313
2024,12,市区町村,観光来訪者数,18,福井県,18483,おおい町,16720
2024,12,市区町村,観光来訪者数,18,福井県,18501,若狭町,23276
